seg,name,type,us_off,us_size,raw,raw_delta,raw_jp_off,masked,masked_delta,masked_jp_off,verdict
boot,boot,hasm,0x00000040,0xB30,2/2,+0x0,0x00000040,0/0,,,raw
text,rsp,c,0x000011C0,0x8C0,0/5,,,6/6,+0x0,0x000011C0,masked
text,dp_intro,c,0x00001F80,0x960,0/3,,,1/6,-0x6c,0x00001F14,masked
text,jpeg_stream,c,0x00003FB0,0x15D0,1/4,-0x90,0x00003F20,0/0,,,raw
text,scheduler,c,0x00005580,0xB20,0/0,,,5/6,-0x80,0x00005500,masked
text,gfx_rect,c,0x00006BC0,0xA30,2/6,-0x68,0x00006B58,0/0,,,raw
text,stage_loader,c,0x000075F0,0x18C0,1/5,-0x70,0x00007580,0/0,,,raw
text,crash_screen,c,0x00008EC0,0xE60,1/3,-0x80,0x00008E40,0/0,,,raw
text,profiler,c,0x00009D20,0x11E0,2/5,-0x80,0x00009CA0,0/0,,,raw
text,gb_tower,c,0x0000B230,0xE00,0/7,,,4/6,-0x9c,0x0000B194,masked
text,flash,c,0x0000D470,0x950,0/0,,,6/6,-0x3c0,0x0000D0B0,masked
text,leo,c,0x0000E890,0xB90,0/1,,,6/6,-0x3c0,0x0000E4D0,masked
text,matrix,c,0x0000F420,0x2780,1/2,-0x3c0,0x0000F060,0/0,,,raw
text,geo_node,c,0x00011BA0,0x11E0,0/2,,,6/6,-0x3c0,0x000117E0,masked
text,geo_render,c,0x00012D80,0x4580,1/6,-0x3c0,0x000129C0,0/0,,,raw
text,model_animation,c,0x00017300,0xE40,1/4,-0x3c0,0x00016F40,0/0,,,raw
text,geo_layout,c,0x00018480,0x13C0,0/5,,,6/6,-0x3c0,0x000180C0,masked
text,display_object_textures,c,0x00019840,0x1330,1/5,-0x3c0,0x00019480,0/0,,,raw
text,poke_icon,c,0x0001AB70,0x1BB0,1/7,-0x3c0,0x0001A7B0,0/0,,,raw
text,model_renderer,c,0x0001C720,0x810,0/8,,,5/6,-0x3b0,0x0001C370,masked
text,graphics_textures,c,0x0001CF30,0x3400,1/5,-0x3b0,0x0001CB80,0/0,,,raw
text,ui_graphics,c,0x00020470,0x2130,2/5,-0x390,0x000200E0,0/0,,,raw
text,gb_data,c,0x00022630,0xC90,0/3,,,5/6,-0x3a8,0x00022288,masked
text,pokemon_stats,c,0x000232C0,0x3560,0/4,,,1/6,-0x3b8,0x00022F08,masked
text,save_data,c,0x00026820,0x3370,0/2,,,2/6,-0xa28,0x00025DF8,masked
text,game_state,c,0x00029BA0,0x2620,0/7,,,4/6,-0xab4,0x000290EC,masked
text,session,c,0x0002C1C0,0x1180,0/4,,,3/6,-0xc24,0x0002B59C,masked
text,table_view,c,0x0002D340,0xDD0,2/6,-0xc40,0x0002C700,0/0,,,raw
text,gb_save,c,0x0002E460,0x1A40,0/3,,,6/6,-0x1060,0x0002D400,masked
text,gallery,c,0x00030640,0x1ED0,0/3,,,0/6,,,UNLOCATED
text,vector_math,c,0x00032510,0x800,0/5,,,6/6,-0x2ec0,0x0002F650,masked
text,model_renderer_callbacks,c,0x000334D0,0x960,0/7,,,5/6,-0x2ee0,0x000305F0,masked
text,,c,0x00033FE0,0x3390,3/8,-0x2ef0,0x000310F0,0/0,,,raw
text,audio_commands,c,0x000373A0,0x1810,0/2,,,6/6,-0x2ef0,0x000344B0,masked
text,libnumus/player,c,0x00038BB0,0x4590,1/6,-0x2ef0,0x00035CC0,0/0,,,raw
text,,c,0x0003D140,0x1030,0/4,,,6/6,-0x2ef0,0x0003A250,masked
text,3D140_2,c,0x0003E170,0x53B0,0/5,,,3/6,-0x2f44,0x0003B22C,masked
text,gb_audio,c,0x000435D0,0x2150,0/3,,,6/6,-0x2ff0,0x000405E0,masked
text,audio_stream,c,0x00045720,0xF60,1/5,-0x2fe0,0x00042740,0/0,,,raw
text,gsm_decoder,c,0x00046680,0x1470,6/7,-0x2fe0,0x000436A0,0/0,,,raw
text,libnaudio/n_env,c,0x00047B60,0xA60,0/6,,,6/6,-0x2fe0,0x00044B80,masked
text,gb_audio_render,c,0x0004A3E0,0x1560,3/6,-0x3140,0x000472A0,0/0,,,raw
text,audio_loop_point,c,0x0004BDC0,0xE00,0/1,,,1/6,-0x3158,0x00048C68,masked
text,audio_commands_category2,c,0x0004CBC0,0x2850,0/5,,,4/6,-0x291e,0x0004A2A2,masked
text,libnaudio/n_reverb,c,0x00050CC0,0xA80,2/6,-0x33f0,0x0004D8D0,0/0,,,raw
text,libleo/leoint,c,0x000520C0,0x9F0,0/5,,,6/6,-0x33e0,0x0004ECE0,masked
text,libleo/leomecha,c,0x00053900,0x950,0/2,,,6/6,-0x33e0,0x00050520,masked
text,libleo/leoc2ecc,c,0x00054310,0x10F0,0/3,,,6/6,-0x33e0,0x00050F30,masked
text,libultra,lib,0x000582D0,0x900,1/3,-0x33e0,0x00054EF0,0/0,,,raw
text,libultra,lib,0x0005A560,0xC60,1/7,-0x33e0,0x00057180,0/0,,,raw
text,libultra,lib,0x0005CE70,0xB80,0/7,,,6/6,-0x33e0,0x00059A90,masked
text,libultra,lib,0x0005DDE0,0xCC0,1/3,-0x33e0,0x0005AA00,0/0,,,raw
text,libultra,lib,0x00061270,0xC80,3/7,-0x33e0,0x0005DE90,0/0,,,raw
text,libultra,lib,0x000621F0,0xB50,4/7,-0x33e0,0x0005EE10,0/0,,,raw
text,libultra,lib,0x00064C50,0xAC0,0/4,,,6/6,-0x33e0,0x00061870,masked
text,jpg/dspMain,textbin,0x00066C90,0x1390,7/7,-0x3440,0x00063850,0/0,,,raw
text,rsp/aspMain,textbin,0x00068020,0xC60,6/6,-0x3440,0x00064BE0,0/0,,,raw
text,rsp/3DEX2.fifo,textbin,0x00068C80,0xAF0,7/7,-0x3440,0x00065840,0/0,,,raw
text,stage_loader,.data,0x000697C0,0x9F0,0/0,,,0/0,,,UNLOCATED
text,math_util,.data,0x0006A3F0,0x5810,5/8,-0x3460,0x00066F90,0/0,,,raw
text,status_icons,.data,0x000703E0,0x17C0,0/1,,,0/0,,,UNLOCATED
text,gb_data,.data,0x00071BA0,0x2290,4/4,+0x6a0,0x00072240,0/0,,,raw
text,game_state,.data,0x00074260,0x2020,8/8,+0x3fb0,0x00078210,0/0,,,raw
text,33FE0,.data,0x00076FB0,0x15C0,0/0,,,0/0,,,UNLOCATED
text,libultra,lib,0x0007A2E0,0x1180,0/0,,,6/6,+0x3bd0,0x0007DEB0,masked
text,status_icons,.rodata,0x0007C1C0,0xAE0,0/0,,,0/0,,,UNLOCATED
fragment1,fragments/gb_tower_emulator/gb_tower_emulator_7F9A0,c,0x0007F9A0,0x6F80,1/6,+0x90b0,0x00088A50,0/0,,,raw
fragment1,fragments/gb_tower_emulator/gb_tower_emulator_86CB0,c,0x00086CB0,0x2360,0/3,,,6/6,+0x15670,0x0009C320,masked
fragment1,fragments/gb_tower_emulator/gb_tower_emulator_code_asm,hasm,0x00089020,0x4180,0/4,,,0/6,,,UNLOCATED
fragment1,fragments/gb_tower_emulator/gb_tower_emulator_7F9A0,.data,0x0008D1A0,0x1230,0/4,,,0/0,,,UNLOCATED
fragment1,fragments/gb_tower_emulator/gb_tower_emulator_86CB0,.data,0x0008E3E0,0x19C40,3/3,+0x34088,0x000C2468,0/0,,,raw
fragment1,fragments/gb_tower_emulator/gb_tower_emulator_data_asm,databin,0x000A80F0,0xD90,1/1,-0x3bf0,0x000A4500,0/0,,,raw
fragment1,fragments/gb_tower_emulator/gb_tower_emulator_7F9A0,.rodata,0x000A9140,0x17B0,0/7,,,0/0,,,UNLOCATED
fragment1_misc_yay0,fragments/gb_tower_emulator/gb_tower_emulator_yay0_0,bin,0x000ADC80,0x46CA0,5/5,+0x35bd0,0x000E3850,0/0,,,raw
fragment1_misc_yay0,fragments/gb_tower_emulator/gb_tower_emulator_yay0_1,bin,0x000F4920,0xB30,0/2,,,0/0,,,UNLOCATED
fragment1_misc_yay0,fragments/gb_tower_emulator/gb_tower_emulator_yay0_2,bin,0x000F5450,0x89F0,0/8,,,0/0,,,UNLOCATED
fragment1_misc_yay0,fragments/gb_tower_emulator/gb_tower_emulator_yay0_3,bin,0x000FDE40,0x4D60,0/7,,,0/0,,,UNLOCATED
fragment2,fragments/widget_toolkit/widget_toolkit,c,0x00107FC0,0x2340,0/2,,,5/6,+0x223ac,0x0012A36C,masked
fragment2,fragments/widget_toolkit/widget_toolkit_2,c,0x0010A960,0x3970,0/7,,,4/6,+0x21dce,0x0012C72E,masked
fragment2,fragments/widget_toolkit/widget_toolkit_2,.data,0x0010E490,0x94E0,3/3,+0x21c00,0x00130090,0/0,,,raw
fragment3,fragments/minigame_actor_framework/minigame_actor_framework_1189B0,c,0x001189B0,0xA30,0/1,,,6/6,+0x21bd0,0x0013A580,masked
fragment3,fragments/minigame_actor_framework/minigame_actor_framework_1193E0,c,0x001193E0,0xBD0,0/1,,,3/6,+0x21ab0,0x0013AE90,masked
fragment3,fragments/minigame_actor_framework/minigame_actor_framework_119FB0,c,0x00119FB0,0x1C40,0/4,,,5/6,+0x21ab0,0x0013BA60,masked
fragment3,fragments/minigame_actor_framework/minigame_actor_framework_11BBF0,.data,0x0011C790,0x2080,3/3,+0x21b50,0x0013E2E0,0/0,,,raw
fragment4,fragments/minigame_shared_graphics/minigame_shared_graphics,c,0x0011F580,0x10F0,2/5,+0x21d20,0x001412A0,0/0,,,raw
fragment6,fragments/magikarp_game/magikarp_game,c,0x00120A30,0x2900,0/7,,,5/6,+0x21bb4,0x001425E4,masked
fragment7,fragments/clefairy_game/clefairy_game,c,0x001278F0,0x4620,0/5,,,5/6,+0x21a2c,0x0014931C,masked
fragment7,fragments/clefairy_game/clefairy_game,.data,0x0012BF10,0xD80,0/0,,,0/0,,,UNLOCATED
fragment8,fragments/rattata_game/rattata_game,c,0x0012DF60,0x38A0,0/4,,,6/6,+0x21850,0x0014F7B0,masked
fragment9,fragments/jigglypuff_doodle/jigglypuff_doodle,c,0x00132A00,0x15E0,2/6,+0x21800,0x00154200,0/0,,,raw
fragment10,fragments/drowzee_game/drowzee_game,c,0x001346A0,0x26B0,0/5,,,6/6,+0x21800,0x00155EA0,masked
fragment10,fragments/drowzee_game/drowzee_game_1,.data,0x00137070,0x1670,0/0,,,0/0,,,UNLOCATED
fragment11,fragments/dynamo_game/dynamo_game,c,0x00138F40,0x20F0,1/7,+0x21748,0x0015A688,0/0,,,raw
fragment11,fragments/dynamo_game/dynamo_game_1,c,0x0013B030,0x8B0,1/8,+0x21720,0x0015C750,0/0,,,raw
fragment11,fragments/dynamo_game/dynamo_game_1,.data,0x0013BE70,0x6280,1/1,+0x21720,0x0015D590,0/0,,,raw
fragment12,fragments/minigame_sample7_viewer/minigame_sample7_viewer,c,0x00142B30,0x830,0/3,,,1/6,+0x21890,0x001643C0,masked
fragment13,fragments/minigame_sample8_viewer/minigame_sample8_viewer,c,0x00143720,0x820,0/3,,,0/6,,,UNLOCATED
fragment14,fragments/sushi_game/sushi_game_144300,c,0x00144300,0x1FA0,0/3,,,3/6,+0x21890,0x00165B90,masked
fragment14,fragments/sushi_game/sushi_game_1462A0,c,0x001462A0,0x3D90,0/4,,,6/6,+0x216f0,0x00167990,masked
fragment14,fragments/sushi_game/sushi_game_14A030,c,0x0014A030,0xF80,1/7,+0x216f0,0x0016B720,0/0,,,raw
fragment15,fragments/gallery_camera/gallery_camera_14CA70,c,0x0014CA70,0x2210,0/5,,,0/6,,,UNLOCATED
fragment15,fragments/gallery_camera/gallery_camera_14EC80,c,0x0014EC80,0x1E40,0/4,,,0/6,,,UNLOCATED
fragment15,fragments/gallery_camera/gallery_camera_150AC0,c,0x00150AC0,0x4A10,0/5,,,0/6,,,UNLOCATED
fragment15,fragments/gallery_camera/gallery_camera_14CA70,.data,0x001554D0,0x19E0,0/0,,,0/0,,,UNLOCATED
fragment16,fragments/credits/credits_158A00,c,0x00158A00,0x18A0,1/5,+0x17380,0x0016FD80,0/0,,,raw
fragment16,fragments/credits/credits_15A2B0,c,0x0015A2B0,0xAD0,0/3,,,6/6,+0x17350,0x00171600,masked
fragment16,fragments/credits/credits_158A00,.data,0x0015AF80,0xBD0,0/0,,,0/0,,,UNLOCATED
fragment16,fragments/credits/credits_15A2B0,.data,0x0015BB50,0x29E0,0/0,,,0/0,,,UNLOCATED
fragment17,fragments/demo_scenes/demo_scenes_15FA60,c,0x0015FA60,0x1250,0/8,,,5/6,+0x18a10,0x00178470,masked
fragment17,fragments/demo_scenes/demo_scenes_161590,c,0x00161590,0x8D0,1/3,+0x189e0,0x00179F70,0/0,,,raw
fragment17,fragments/demo_scenes/demo_scenes_161E60,c,0x00161E60,0x2CA0,0/4,,,3/6,+0x18734,0x0017A594,masked
fragment17,fragments/demo_scenes/demo_scenes_164B00,c,0x00164B00,0xB40,0/4,,,3/6,+0x186c0,0x0017D1C0,masked
fragment17,fragments/demo_scenes/demo_scenes_165640,c,0x00165640,0x2AD0,0/7,,,6/6,+0x186b0,0x0017DCF0,masked
fragment17,fragments/demo_scenes/demo_scenes_1687E0,c,0x001687E0,0xD30,1/4,+0x186a0,0x00180E80,0/0,,,raw
fragment17,fragments/demo_scenes/demo_scenes_16A0E0,c,0x0016A0E0,0x14A0,0/4,,,2/6,+0x18694,0x00182774,masked
fragment17,fragments/demo_scenes/demo_scenes_161E60,.data,0x0016B6F0,0x1F80,4/4,+0x18660,0x00183D50,0/0,,,raw
fragment18,fragments/ekans_game/ekans_game,c,0x001708D0,0x4820,2/5,+0x186a0,0x00188F70,0/0,,,raw
fragment18,fragments/ekans_game/ekans_game,.data,0x001750F0,0x9B70,3/3,+0x18500,0x0018D5F0,0/0,,,raw
fragment20,fragments/metapod_game/metapod_game,c,0x001802D0,0x2F90,0/5,,,5/6,+0x18750,0x00198A20,masked
fragment20,fragments/metapod_game/metapod_game,.data,0x00183260,0x1D40,3/3,+0x18660,0x0019B8C0,0/0,,,raw
fragment21,fragments/sandshrew_game/sandshrew_game,c,0x00185A30,0x2670,0/5,,,5/6,+0x188b4,0x0019E2E4,masked
fragment21,fragments/sandshrew_game/sandshrew_game,.data,0x001880A0,0x8AF0,1/1,+0x18800,0x001A08A0,0/0,,,raw
fragment22,fragments/pokemon_lab/pokemon_lab,c,0x00191680,0x2820,1/5,+0x189a0,0x001AA020,0/0,,,raw
fragment22,fragments/pokemon_lab/pokemon_lab,.data,0x00193EA0,0x14480,1/2,+0x18810,0x001AC6B0,0/0,,,raw
fragment23,fragments/lab_pc/lab_pc_1A8800,c,0x001A8800,0xF80,0/8,,,1/6,+0x18b04,0x001C1304,masked
fragment23,fragments/lab_pc/lab_pc_1A9780,c,0x001A9780,0x4F00,0/6,,,4/6,+0x1898a,0x001C210A,masked
fragment23,fragments/lab_pc/lab_pc_1AE680,c,0x001AE680,0x6820,0/6,,,2/6,+0x1844e,0x001C6ACE,masked
fragment23,fragments/lab_pc/lab_pc_1B4EA0,c,0x001B4EA0,0x8070,0/7,,,4/6,+0x182ac,0x001CD14C,masked
fragment23,fragments/lab_pc/lab_pc_1BCF10,c,0x001BCF10,0x3250,3/7,+0x18190,0x001D50A0,0/0,,,raw
fragment23,fragments/lab_pc/lab_pc_882181B0,.data,0x001C0720,0xCCA0,1/1,+0x182f0,0x001D8A10,0/0,,,raw
fragment24,fragments/lab_pc_list/lab_pc_list_1CEA00,c,0x001CEA00,0x9140,1/6,+0x183c8,0x001E6DC8,0/0,,,raw
fragment24,fragments/lab_pc_list/lab_pc_list_1D7B40,c,0x001D7B40,0xCB70,1/5,+0x17ee8,0x001EFA28,0/0,,,raw
fragment24,fragments/lab_pc_list/lab_pc_list_1E46B0,c,0x001E46B0,0x1500,1/5,+0x16edc,0x001FB58C,0/0,,,raw
fragment24,fragments/lab_pc_list/lab_pc_list_1E46B0,.data,0x001E60B0,0x2B90,1/1,+0x16f70,0x001FD020,0/0,,,raw
fragment26,fragments/widget_tree/widget_tree,c,0x001EA880,0xCF60,4/6,+0x1727a,0x00201AFA,0/0,,,raw
fragment27,fragments/lab_pc_icons/lab_pc_icons,c,0x001F7CB0,0x5AA0,0/5,,,2/6,+0x16e00,0x0020EAB0,masked
fragment27,fragments/lab_pc_icons/lab_pc_icons,.data,0x001FD750,0x16910,0/0,,,0/0,,,UNLOCATED
fragment28,fragments/pokedex/pokedex_214920,c,0x00214920,0x47B0,0/3,,,2/6,+0x15ca0,0x0022A5C0,masked
fragment28,fragments/pokedex/pokedex_2190D0,c,0x002190D0,0x3980,1/7,+0x15c20,0x0022ECF0,0/0,,,raw
fragment28,fragments/pokedex/pokedex_214920,.data,0x0021CA50,0x18100,0/0,,,0/0,,,UNLOCATED
fragment28,fragments/pokedex/pokedex_2190D0,.data,0x00234B50,0x6430,0/0,,,0/0,,,UNLOCATED
fragment29,fragments/lab_ui_support/lab_ui_support,c,0x0023C270,0x1150,0/3,,,1/6,+0x15598,0x00251808,masked
fragment31,fragments/particle_data_library/particle_data_library_2558B0,c,0x002558B0,0x1EA0,0/5,,,1/6,+0x15520,0x0026ADD0,masked
fragment31,fragments/particle_data_library/particle_data_library_258080,c,0x00258080,0xFB0,0/6,,,2/6,+0x14f70,0x0026CFF0,masked
fragment32,fragments/fatal_error_screen/fatal_error_screen,c,0x0025A760,0x900,0/5,,,4/6,+0x14bf4,0x0026F354,masked
fragment33,fragments/transfer_pak_select/transfer_pak_select,c,0x0025B0F0,0x3C00,1/3,+0x14bdc,0x0026FCCC,0/0,,,raw
fragment34,fragments/particle_math/particle_math_261F90,c,0x00261F90,0x23F0,0/3,,,6/6,+0x14c10,0x00276BA0,masked
fragment34,fragments/particle_math/particle_math_264380,c,0x00264380,0x54A0,3/4,+0x14c10,0x00278F90,0/0,,,raw
fragment34,fragments/particle_math/particle_math_269820,c,0x00269820,0x4D20,0/2,,,6/6,+0x14bc0,0x0027E3E0,masked
fragment34,fragments/particle_math/particle_math_26E6D0,c,0x0026E6D0,0x12E0,0/6,,,6/6,+0x14c50,0x00283320,masked
fragment34,fragments/particle_math/particle_math_264380,.data,0x0026F9C0,0xA10,0/0,,,0/0,,,UNLOCATED
fragment36,fragments/title_screen/title_screen,c,0x00271800,0xDA0,0/3,,,1/6,+0x14e30,0x00286630,masked
fragment37,fragments/area_select/area_select,c,0x00272850,0x2F80,1/5,+0x15250,0x00287AA0,0/0,,,raw
fragment38,fragments/event_battle/event_battle,c,0x00275D00,0x5900,0/3,,,1/6,+0x154f8,0x0028B1F8,masked
fragment39,fragments/minigame_select/minigame_select_27BCC0,c,0x0027BCC0,0x4800,0/6,,,6/6,+0x159a0,0x00291660,masked
fragment39,fragments/minigame_select/minigame_select_2804C0,c,0x002804C0,0x1780,0/3,,,1/6,+0x159c4,0x00295E84,masked
fragment39,fragments/minigame_select/minigame_select_27BCC0,.data,0x00281E50,0x2870,0/0,,,0/0,,,UNLOCATED
fragment40,fragments/gym_leader_castle_clear/gym_leader_castle_clear,c,0x00285DE0,0x1BC0,1/3,+0x15b10,0x0029B8F0,0/0,,,raw
fragment41,fragments/trade_machine/trade_machine_287ED0,c,0x00287ED0,0x1370,0/5,,,4/6,+0x159fc,0x0029D8CC,masked
fragment41,fragments/trade_machine/trade_machine_289240,c,0x00289240,0x3F60,1/6,+0x15a08,0x0029EC48,0/0,,,raw
fragment41,fragments/trade_machine/trade_machine_28D1A0,c,0x0028D1A0,0x1B60,0/6,,,1/6,+0x15a50,0x002A2BF0,masked
fragment41,fragments/trade_machine/trade_machine_28ED00,c,0x0028ED00,0x3060,1/5,+0x157e0,0x002A44E0,0/0,,,raw
fragment41,fragments/trade_machine/trade_machine_291D60,c,0x00291D60,0x2560,0/3,,,3/6,+0x155b0,0x002A7310,masked
fragment41,fragments/trade_machine/trade_machine_2942C0,c,0x002942C0,0x7760,0/4,,,6/6,+0x15460,0x002A9720,masked
fragment42,fragments/gallery_snap/gallery_snap,c,0x0029DD50,0x3160,0/6,,,0/6,,,UNLOCATED
fragment43,fragments/gallery_backgrounds/gallery_backgrounds_2A1B50,c,0x002A1B50,0x2320,0/4,,,0/6,,,UNLOCATED
fragment43,fragments/gallery_backgrounds/gallery_backgrounds_2A3F60,c,0x002A3F60,0x9F0,0/4,,,0/6,,,UNLOCATED
fragment44,fragments/gallery_album/gallery_album,c,0x002A4E10,0x3E50,0/7,,,0/6,,,UNLOCATED
fragment45,fragments/gallery_film_select/gallery_film_select,c,0x002A97B0,0x3260,0/3,,,0/6,,,UNLOCATED
fragment47,fragments/gallery_rental_viewer/gallery_rental_viewer_2AD910,c,0x002AD910,0x8E0,0/6,,,0/6,,,UNLOCATED
fragment47,fragments/gallery_rental_viewer/gallery_rental_viewer_2AE1F0,c,0x002AE1F0,0x1BC0,0/3,,,0/6,,,UNLOCATED
fragment47,fragments/gallery_rental_viewer/gallery_rental_viewer_2AFDB0,c,0x002AFDB0,0x27F0,0/5,,,1/6,+0x2db64,0x002DD914,masked
fragment47,fragments/gallery_rental_viewer/gallery_rental_viewer_2AE1F0,.data,0x002B25B0,0x880,0/0,,,0/0,,,UNLOCATED
fragment49,fragments/snap_print_club_background_select/snap_print_club_background_select,c,0x002B4710,0xB30,0/4,,,0/6,,,UNLOCATED
fragment50,fragments/victory_palace/victory_palace,c,0x002B5370,0x3E60,1/5,-0x1df4,0x002B357C,0/0,,,raw
fragment50,fragments/victory_palace/victory_palace,.data,0x002B91D0,0x34C0,0/0,,,0/0,,,UNLOCATED
fragment54,fragments/rental_hub/rental_hub,c,0x002BDAE0,0x1100,0/6,,,2/6,-0x1f5a,0x002BBB86,masked
fragment55,fragments/rental_rules/rental_rules_2BED40,c,0x002BED40,0x2250,0/2,,,4/6,-0x1ec4,0x002BCE7C,masked
fragment55,fragments/rental_rules/rental_rules_2C13F0,c,0x002C13F0,0x12F0,0/5,,,5/6,-0x2280,0x002BF170,masked
fragment57,fragments/transfer_pak_check/transfer_pak_check,c,0x002C49F0,0x6F80,0/5,,,2/6,-0xb2a,0x002C3EC6,masked
fragment57,fragments/transfer_pak_check/transfer_pak_check,.data,0x002CB970,0x2FE0,0/0,,,0/0,,,UNLOCATED
fragment58,fragments/free_battle_rules/free_battle_rules,c,0x002CF370,0x2BC0,0/4,,,5/6,-0x116c,0x002CE204,masked
fragment59,fragments/stadium_select/stadium_select,c,0x002D24E0,0x2410,0/4,,,2/6,-0x1132,0x002D13AE,masked
fragment59,fragments/stadium_select/stadium_select,.data,0x002D48F0,0x1000,0/0,,,0/0,,,UNLOCATED
fragment60,fragments/cup_select/cup_select,c,0x002D5CD0,0x10F0,0/4,,,6/6,-0xd50,0x002D4F80,masked
fragment60,fragments/cup_select/cup_select,.data,0x002D6DC0,0x890,0/0,,,0/0,,,UNLOCATED
fragment61,fragments/61/fragment61_2D78B0,c,0x002D78B0,0x4050,0/5,,,1/6,-0xe80,0x002D6A30,masked
fragment61,fragments/rental_team_selection/rental_team_selection_2DB900,c,0x002DB900,0x1E10,0/6,,,5/6,-0x101c,0x002DA8E4,masked
fragment61,fragments/61/fragment61_2DD710,c,0x002DD710,0x2450,0/1,,,5/6,-0x11b0,0x002DC560,masked
fragment61,fragments/61/fragment61_2DFB60,c,0x002DFB60,0x30C0,1/6,-0x1274,0x002DE8EC,0/0,,,raw
fragment61,fragments/rental_team_selection/rental_team_selection_2E2C20,c,0x002E2C20,0x1420,0/3,,,2/6,-0x12f8,0x002E1928,masked
fragment61,fragments/rental_team_selection/rental_team_selection_2E4040,c,0x002E4040,0x13F0,0/5,,,2/6,-0x13d0,0x002E2C70,masked
fragment61,fragments/rental_team_selection/rental_team_selection_2E5430,c,0x002E5430,0x31A0,0/5,,,4/6,-0x1434,0x002E3FFC,masked
fragment61,fragments/rental_team_selection/rental_team_selection_2DB900,.data,0x002E8630,0x810,0/0,,,0/0,,,UNLOCATED
fragment62,fragments/battle_engine/battle_engine_2EA8E0,c,0x002EA8E0,0x1AE0,1/3,-0xa50,0x002E9E90,0/0,,,raw
fragment62,fragments/battle_engine/battle_engine_2EC3C0,c,0x002EC3C0,0x59A0,0/7,,,4/6,-0xa8c,0x002EB934,masked
fragment62,fragments/battle_engine/battle_engine_2F23A0,c,0x002F23A0,0x1910,0/5,,,5/6,-0xb54,0x002F184C,masked
fragment62,fragments/battle_engine/battle_engine_2F3CB0,c,0x002F3CB0,0x2C80,0/5,,,6/6,-0xb70,0x002F3140,masked
fragment62,fragments/battle_engine/battle_engine_2F6930,c,0x002F6930,0xBB0,0/0,,,6/6,-0xb70,0x002F5DC0,masked
fragment62,fragments/battle_engine/battle_engine_2F74E0,c,0x002F74E0,0x2FF0,0/4,,,6/6,-0xb82,0x002F695E,masked
fragment62,fragments/battle_engine/battle_engine_2FA4D0,c,0x002FA4D0,0x7C00,0/6,,,1/6,-0xcf4,0x002F97DC,masked
fragment62,fragments/battle_engine/battle_engine_3020D0,c,0x003020D0,0x1F90,0/5,,,1/6,-0xa5c,0x00301674,masked
fragment62,fragments/battle_engine/battle_engine_304060,c,0x00304060,0x1580,0/7,,,6/6,-0xa60,0x00303600,masked
fragment62,fragments/battle_engine/battle_engine_3055E0,c,0x003055E0,0x48F0,0/6,,,6/6,-0xa68,0x00304B78,masked
fragment62,fragments/battle_engine/battle_engine_309ED0,c,0x00309ED0,0x9380,0/3,,,6/6,-0xa78,0x00309458,masked
fragment62,fragments/battle_engine/battle_engine_313250,c,0x00313250,0xB10,0/8,,,4/6,-0xaa0,0x003127B0,masked
fragment62,fragments/battle_engine/battle_engine_313D60,c,0x00313D60,0x1AD0,0/6,,,6/6,-0xab0,0x003132B0,masked
fragment62,fragments/battle_engine/battle_engine_315D50,c,0x00315D50,0x2120,0/3,,,3/6,-0xac8,0x00315288,masked
fragment62,fragments/battle_engine/battle_engine_317E70,c,0x00317E70,0x2970,0/4,,,5/6,-0xac0,0x003173B0,masked
fragment62,fragments/battle_engine/battle_engine_31AA30,c,0x0031AA30,0x1C30,0/7,,,4/6,-0xac0,0x00319F70,masked
fragment62,fragments/battle_engine/battle_engine_31C660,c,0x0031C660,0x1390,0/1,,,6/6,-0xac0,0x0031BBA0,masked
fragment62,fragments/battle_engine/battle_engine_31D9F0,c,0x0031D9F0,0x49C0,0/1,,,6/6,-0xac0,0x0031CF30,masked
fragment62,fragments/battle_engine/battle_engine_3223B0,c,0x003223B0,0x5120,0/2,,,6/6,-0xac0,0x003218F0,masked
fragment62,fragments/battle_engine/battle_engine_3274D0,c,0x003274D0,0x1A40,0/2,,,6/6,-0xac0,0x00326A10,masked
fragment62,fragments/battle_engine/battle_engine_328F10,c,0x00328F10,0x1730,0/3,,,6/6,-0xac0,0x00328450,masked
fragment62,fragments/battle_engine/battle_engine_32A640,c,0x0032A640,0x1040,0/1,,,6/6,-0xac0,0x00329B80,masked
fragment62,fragments/battle_engine/battle_engine_32B680,c,0x0032B680,0xE620,1/5,-0xac0,0x0032ABC0,0/0,,,raw
fragment62,fragments/battle_engine/battle_engine_339CA0,c,0x00339CA0,0x9C10,0/5,,,5/6,-0xaf8,0x003391A8,masked
fragment62,fragments/battle_engine/battle_engine_343BA0,c,0x00343BA0,0x3790,0/6,,,4/6,-0x8c4,0x003432DC,masked
fragment62,fragments/battle_engine/battle_engine_347330,c,0x00347330,0x30F0,2/5,-0x8c0,0x00346A70,0/0,,,raw
fragment62,fragments/battle_engine/battle_engine_34A420,c,0x0034A420,0x3D80,0/6,,,5/6,-0x8c0,0x00349B60,masked
fragment62,fragments/battle_engine/battle_engine_34E1A0,c,0x0034E1A0,0x1000,0/4,,,1/6,-0x8c0,0x0034D8E0,masked
fragment62,fragments/battle_engine/battle_engine_34F1A0,c,0x0034F1A0,0x1130,0/4,,,2/6,-0x8c0,0x0034E8E0,masked
fragment62,fragments/battle_engine/battle_engine_3502D0,c,0x003502D0,0x1000,0/4,,,1/6,-0x8c0,0x0034FA10,masked
fragment62,fragments/battle_engine/battle_engine_3512D0,c,0x003512D0,0xC50,0/5,,,6/6,-0x8c0,0x00350A10,masked
fragment62,fragments/battle_engine/battle_engine_352570,c,0x00352570,0xE00,1/6,-0x8c0,0x00351CB0,0/0,,,raw
fragment62,fragments/battle_engine/battle_engine_353370,c,0x00353370,0xD40,0/5,,,6/6,-0x8c0,0x00352AB0,masked
fragment62,fragments/battle_engine/battle_engine_3540B0,c,0x003540B0,0xC20,0/6,,,6/6,-0x8c0,0x003537F0,masked
fragment62,fragments/battle_engine/battle_engine_354CD0,c,0x00354CD0,0xD30,0/6,,,0/6,,,UNLOCATED
fragment62,fragments/battle_engine/battle_engine_355A00,c,0x00355A00,0xD30,0/6,,,0/6,,,UNLOCATED
fragment62,fragments/battle_engine/battle_engine_356730,c,0x00356730,0x1500,0/3,,,6/6,-0x8c0,0x00355E70,masked
fragment62,fragments/battle_engine/battle_engine_357C30,c,0x00357C30,0x15B0,2/7,-0x8c0,0x00357370,0/0,,,raw
fragment62,fragments/battle_engine/battle_engine_359F90,c,0x00359F90,0x3FE0,0/5,,,2/6,-0x89a,0x003596F6,masked
fragment62,fragments/battle_engine/battle_engine_35DF70,c,0x0035DF70,0x30E0,0/7,,,0/6,,,UNLOCATED
fragment62,fragments/battle_engine/battle_engine_361050,c,0x00361050,0xDBC0,2/7,-0x744,0x0036090C,0/0,,,raw
fragment62,fragments/battle_engine/battle_engine_2F3CB0,.data,0x0036EEC0,0x1150,0/0,,,0/0,,,UNLOCATED
fragment62,fragments/battle_engine/battle_engine_315D50,.data,0x00370470,0x1F50,0/1,,,0/0,,,UNLOCATED
fragment62,fragments/battle_engine/battle_engine_347330,.data,0x00372B40,0xDE0,0/0,,,0/0,,,UNLOCATED
fragment62,fragments/battle_engine/battle_engine_3591E0,.data,0x00374620,0xAF0,0/0,,,0/0,,,UNLOCATED
fragment62,fragments/battle_engine/battle_engine_32B680,.rodata,0x00376B40,0xD60,0/0,,,0/0,,,UNLOCATED
fragment63,fragments/battle_prep/battle_prep_394120,c,0x00394120,0x33C0,0/5,,,5/6,+0xb80,0x00394CA0,masked
fragment63,fragments/battle_prep/battle_prep_397B10,c,0x00397B10,0x3140,0/6,,,6/6,+0x6aa,0x003981BA,masked
fragment63,fragments/battle_prep/battle_prep_39AC50,c,0x0039AC50,0x1360,0/5,,,4/6,+0x538,0x0039B188,masked
fragment63,fragments/battle_prep/battle_prep_39BFB0,c,0x0039BFB0,0x2DB0,0/6,,,5/6,+0x520,0x0039C4D0,masked
fragment63,fragments/battle_prep/battle_prep_39ED60,c,0x0039ED60,0x12B0,0/6,,,4/6,+0x21c,0x0039EF7C,masked
fragment63,fragments/battle_prep/battle_prep_3A0010,c,0x003A0010,0x1960,1/6,+0x28c,0x003A029C,0/0,,,raw
fragment63,fragments/battle_prep/battle_prep_3A1C30,c,0x003A1C30,0x1FC0,0/2,,,1/6,+0x598,0x003A21C8,masked
fragment63,fragments/battle_prep/battle_prep_397B10,.data,0x003A3D40,0x1FE0,0/0,,,0/0,,,UNLOCATED
fragment63,fragments/battle_prep/battle_prep_39AC50,.data,0x003A5D20,0x2FF0,0/0,,,0/0,,,UNLOCATED
fragment63,fragments/battle_prep/battle_prep_39BFB0,.data,0x003A8D10,0x1780,0/0,,,0/0,,,UNLOCATED
fragment63,fragments/battle_prep/battle_prep_data,.data,0x003AB720,0x2140,1/1,+0x6e0,0x003ABE00,0/0,,,raw
fragment64,fragments/battle_order_select/battle_order_select,c,0x003AEE70,0x3520,0/7,,,2/6,+0x950,0x003AF7C0,masked
fragment65,fragments/gym_leader_castle/gym_leader_castle,c,0x003B2B00,0x2EE0,1/6,+0xb00,0x003B3600,0/0,,,raw
fragment66,fragments/pikachu_reward/pikachu_reward,c,0x003B6150,0x1F30,0/4,,,0/6,,,UNLOCATED
fragment75,fragments/snap_print_club_print_seals/snap_print_club_print_seals,c,0x003B8980,0x9D0,0/3,,,0/6,,,UNLOCATED
gb_tower_roms,rom_part_0,bin,0x007C0000,0x18F8,0/8,,,0/0,,,UNLOCATED
gb_tower_roms,rom_part_1,bin,0x007C18F8,0x1AA0,0/8,,,0/0,,,UNLOCATED
gb_tower_roms,rom_part_2,bin,0x007C3398,0x1A7C,0/7,,,0/0,,,UNLOCATED
gb_tower_roms,rom_part_3,bin,0x007C4E14,0x1A40,0/6,,,0/0,,,UNLOCATED
gb_tower_roms,rom_part_4,bin,0x007C6854,0x1900,0/6,,,0/0,,,UNLOCATED
gb_tower_roms,rom_part_5,bin,0x007C8154,0x1A54,0/6,,,0/0,,,UNLOCATED
gb_tower_roms,rom_part_6,bin,0x007C9BA8,0x1AAC,0/6,,,0/0,,,UNLOCATED
gb_tower_roms,rom_part_7,bin,0x007CB654,0x1A7C,0/6,,,0/0,,,UNLOCATED
gb_tower_roms,rom_part_10,bin,0x007CD938,0x2694,6/7,-0xaebe,0x007C2A7A,0/0,,,raw
gb_tower_roms,rom_part_11,bin,0x007CFFCC,0x1F28,1/8,-0xa650,0x007C597C,0/0,,,raw
gb_tower_roms,rom_part_12,bin,0x007D1EF4,0x1DB8,0/8,,,0/0,,,UNLOCATED
gb_tower_roms,rom_part_13,bin,0x007D3CAC,0x1A2C,0/8,,,0/0,,,UNLOCATED
gb_tower_roms,rom_part_14,bin,0x007D56D8,0x22D4,0/8,,,0/0,,,UNLOCATED
gb_tower_roms,rom_part_15,bin,0x007D79AC,0x1D6C,0/8,,,0/0,,,UNLOCATED
gb_tower_roms,rom_part_16,bin,0x007D9718,0x1EA8,0/6,,,0/0,,,UNLOCATED
gb_tower_roms,rom_part_17,bin,0x007DB5C0,0x1D38,1/7,+0x5bc0,0x007E1180,0/0,,,raw
gb_tower_roms,rom_part_18,bin,0x007DD2F8,0x1C88,1/7,+0x723c,0x007E4534,0/0,,,raw
gb_tower_roms,rom_part_19,bin,0x007DEF80,0x1914,0/8,,,0/0,,,UNLOCATED
gb_tower_roms,rom_part_20,bin,0x007E0894,0x1B90,0/8,,,0/0,,,UNLOCATED
gb_tower_roms,rom_part_21,bin,0x007E2424,0x2538,8/8,+0xd523,0x007EF947,0/0,,,raw
gb_tower_roms,rom_part_22,bin,0x007E495C,0x23F0,5/7,+0xd52e,0x007F1E8A,0/0,,,raw
gb_tower_roms,rom_part_23,bin,0x007E6D4C,0x2284,7/7,+0xd576,0x007F42C2,0/0,,,raw
gb_tower_roms,rom_part_24,bin,0x007E8FD0,0x1BA8,0/8,,,0/0,,,UNLOCATED
gb_tower_roms,rom_part_25,bin,0x007EAB78,0x2570,0/8,,,0/0,,,UNLOCATED
gb_tower_roms,rom_part_26,bin,0x007ED0E8,0x1C7C,0/6,,,0/0,,,UNLOCATED
gb_tower_roms,rom_part_27,bin,0x007EED64,0x2428,0/8,,,0/0,,,UNLOCATED
gb_tower_roms,rom_part_28,bin,0x007F118C,0x18EC,0/6,,,0/0,,,UNLOCATED
gb_tower_roms,rom_part_29,bin,0x007F2A78,0x1CFC,0/8,,,0/0,,,UNLOCATED
gb_tower_roms,rom_part_30,bin,0x007F4774,0x2348,0/5,,,0/0,,,UNLOCATED
gb_tower_roms,rom_part_31,bin,0x007F6ABC,0x2388,0/5,,,0/0,,,UNLOCATED
gb_tower_roms,rom_part_32,bin,0x007F8E44,0x2344,0/8,,,0/0,,,UNLOCATED
gb_tower_roms,rom_part_33,bin,0x007FB188,0x20B4,0/6,,,0/0,,,UNLOCATED
gb_tower_roms,rom_part_34,bin,0x007FD23C,0x2330,0/6,,,0/0,,,UNLOCATED
gb_tower_roms,rom_part_35,bin,0x007FF56C,0x2354,0/7,,,0/0,,,UNLOCATED
gb_tower_roms,rom_part_36,bin,0x008018C0,0x2310,0/7,,,0/0,,,UNLOCATED
gb_tower_roms,rom_part_37,bin,0x00803BD0,0x1F10,0/6,,,0/0,,,UNLOCATED
gb_tower_roms,rom_part_38,bin,0x00805AE0,0x2194,0/6,,,0/0,,,UNLOCATED
gb_tower_roms,rom_part_40,bin,0x00808378,0xDA0,0/8,,,0/0,,,UNLOCATED
gb_tower_roms,rom_part_41,bin,0x00809118,0x1FC4,7/7,-0x2b64,0x008065B4,0/0,,,raw
gb_tower_roms,rom_part_42,bin,0x0080B0DC,0x1368,7/7,-0x21c8,0x00808F14,0/0,,,raw
gb_tower_roms,rom_part_43,bin,0x0080C444,0x1D98,5/5,-0x21c4,0x0080A280,0/0,,,raw
gb_tower_roms,rom_part_44,bin,0x0080E1DC,0x118C,0/5,,,0/0,,,UNLOCATED
gb_tower_roms,rom_part_45,bin,0x0080F368,0x1C54,0/7,,,0/0,,,UNLOCATED
gb_tower_roms,rom_part_46,bin,0x00810FBC,0x1BEC,6/6,-0x4f40,0x0080C07C,0/0,,,raw
gb_tower_roms,rom_part_47,bin,0x00812BA8,0x1D74,6/6,-0x4d00,0x0080DEA8,0/0,,,raw
gb_tower_roms,rom_part_48,bin,0x0081491C,0x2274,8/8,-0x4b28,0x0080FDF4,0/0,,,raw
gb_tower_roms,rom_part_49,bin,0x00816B90,0x20D4,8/8,-0x474c,0x00812444,0/0,,,raw
gb_tower_roms,rom_part_50,bin,0x00818C64,0x1DBC,0/7,,,0/0,,,UNLOCATED
gb_tower_roms,rom_part_51,bin,0x0081AA20,0x216C,0/7,,,0/0,,,UNLOCATED
gb_tower_roms,rom_part_52,bin,0x0081CB8C,0x209C,0/8,,,0/0,,,UNLOCATED
audio,audio_main_archive,bin,0x015C0000,0x1327E0,8/8,-0x10,0x015BFFF0,0/0,,,raw
audio,audio_archive_1_file2,bin,0x016F2BD0,0x303A4,7/8,-0x490,0x016F2740,0/0,,,raw
audio,audio_archive_2,bin,0x01722F74,0xA6CB0,5/7,-0x19d0,0x017215A4,0/0,,,raw
audio,audio_archive_3,bin,0x017C9C24,0x126E0,8/8,-0x19d0,0x017C8254,0/0,,,raw
audio,audio_archive_4_seq1,bin,0x017DC304,0x7491C,8/8,-0x19d0,0x017DA934,0/0,,,raw
audio,audio_archive_4_seq2,bin,0x01850C20,0x127C00,6/8,-0x4b08,0x0184C118,0/0,,,raw
audio,audio_archive_5,bin,0x01978820,0x39C0,3/3,-0x65e0,0x01972240,0/0,,,raw
audio,audio_archive_6_seq1,bin,0x0197C1FC,0xAEB24,8/8,-0x65e0,0x01975C1C,0/0,,,raw
audio,audio_archive_6_seq2,bin,0x01A2AD20,0x58F540,0/8,,,0/0,,,UNLOCATED
audio,audio_archive_7,bin,0x01FBA260,0xFC0,5/5,-0x5000,0x01FB5260,0/0,,,raw
